First Name,Last Name,Gender,Age,Email,Phone,Occupation,Salary
April,Brown,Female,27,a.brown@randatmail.com,606-4123-18,Meteorologist,58642
Rosie,Fowler,Female,23,r.fowler@randatmail.com,470-0957-12,Fine Artist,184760
Heather,Kelly,Female,18,h.kelly@randatmail.com,141-3461-73,Pharmacist,112010
Mary,Myers,Female,24,m.myers@randatmail.com,950-6721-04,Carpenter,192525
Dale,Adams,Male,29,d.adams@randatmail.com,936-5241-94,Archeologist,67972
Freddie,Armstrong,Male,28,f.armstrong@randatmail.com,391-9967-67,Architect,70235
Brooke,Morgan,Female,30,b.morgan@randatmail.com,423-2140-98,Photographer,155016
Ryan,Tucker,Male,30,r.tucker@randatmail.com,114-3726-14,Agronomist,196153
Jasmine,Cooper,Female,21,j.cooper@randatmail.com,166-1473-00,Meteorologist,136152
Fenton,Reed,Male,30,f.reed@randatmail.com,578-2175-66,Baker,150490
Jenna,Allen,Female,26,j.allen@randatmail.com,694-0569-91,Police Officer,172276
Freddie,Lloyd,Male,27,f.lloyd@randatmail.com,432-1548-50,Fine Artist,104170
Jacob,Elliott,Male,25,j.elliott@randatmail.com,048-1276-66,Driver,79867
David,Harris,Male,19,d.harris@randatmail.com,366-1287-05,Lecturer,84282
Walter,Carroll,Male,21,w.carroll@randatmail.com,606-3954-24,Hairdresser,62359
Preston,Warren,Male,28,p.warren@randatmail.com,799-6304-94,Carpenter,58746
Connie,Barnes,Female,28,c.barnes@randatmail.com,231-3796-64,Botanist,182289
Agata,Adams,Female,27,a.adams@randatmail.com,964-7832-69,Scientist,139132
Vivian,Morris,Female,28,v.morris@randatmail.com,439-3042-41,Meteorologist,96578
Nicole,Andrews,Female,29,n.andrews@randatmail.com,969-6061-85,Cook,107321
Emily,Stewart,Female,21,e.stewart@randatmail.com,890-7228-22,Jeweller,83189
Alan,Craig,Male,28,a.craig@randatmail.com,672-2599-51,Insurer,87196
Florrie,Edwards,Female,23,f.edwards@randatmail.com,362-3255-17,Accountant,133086
Dainton,Smith,Male,25,d.smith@randatmail.com,730-2551-70,Fine Artist,126785
Jack,Turner,Male,28,j.turner@randatmail.com,841-6106-73,Lecturer,100020
Violet,Hamilton,Female,28,v.hamilton@randatmail.com,573-0989-09,Fashion Designer,55658
Tyler,Phillips,Male,28,t.phillips@randatmail.com,601-3136-54,Economist,180873
Patrick,Edwards,Male,21,p.edwards@randatmail.com,237-5837-61,Chef,54003
Maya,Higgins,Female,25,m.higgins@randatmail.com,205-4547-09,Pharmacist,182461
Alisa,Martin,Female,19,a.martin@randatmail.com,167-3568-80,Singer,112769
Julian,Perkins,Male,20,j.perkins@randatmail.com,528-3461-48,Lawer,32239
Vanessa,Bennett,Female,26,v.bennett@randatmail.com,509-4712-38,Archeologist,67416
Aston,Thomas,Male,21,a.thomas@randatmail.com,966-1398-02,Engineer,84205
Vanessa,Campbell,Female,19,v.campbell@randatmail.com,670-5024-96,Lawer,123785
Tyler,Armstrong,Male,19,t.armstrong@randatmail.com,537-5271-16,Aeroplane Pilot,108951
Elise,Brooks,Female,26,e.brooks@randatmail.com,599-8722-24,Fine Artist,84745
Adam,Cooper,Male,18,a.cooper@randatmail.com,709-0960-48,Accountant,123051
Justin,Rogers,Male,26,j.rogers@randatmail.com,011-1608-41,Architect,119042
Miranda,Taylor,Female,26,m.taylor@randatmail.com,474-9908-53,Mathematician,50217
Chester,Hill,Male,25,c.hill@randatmail.com,523-3622-40,Singer,84098
Sawyer,Miller,Male,29,s.miller@randatmail.com,888-2869-55,Hairdresser,137109
Edith,Johnson,Female,25,e.johnson@randatmail.com,436-8750-33,Composer,99756
Ryan,Chapman,Male,25,r.chapman@randatmail.com,735-5782-52,Manager,140715
Edith,Foster,Female,29,e.foster@randatmail.com,943-1519-92,Physicist,40186
Alberta,Ellis,Female,26,a.ellis@randatmail.com,403-2948-71,Botanist,114575
Amelia,Ellis,Female,24,a.ellis@randatmail.com,908-3187-12,Singer,118654
Garry,Andrews,Male,18,g.andrews@randatmail.com,207-1141-50,Dancer,149938
Sarah,Montgomery,Female,30,s.montgomery@randatmail.com,188-2083-15,Chef,57496
Mary,Riley,Female,30,m.riley@randatmail.com,355-2569-41,Manager,181326
Heather,Carter,Female,30,h.carter@randatmail.com,130-8896-85,Manager,174240
Joyce,Gibson,Female,18,j.gibson@randatmail.com,422-5493-07,Producer,131073
Sydney,Farrell,Female,28,s.farrell@randatmail.com,803-4720-84,Medic,183710
John,Johnston,Male,21,j.johnston@randatmail.com,392-3752-39,Chef,106299
Heather,Chapman,Female,24,h.chapman@randatmail.com,145-5470-49,Salesman,98482
Henry,Richardson,Male,27,h.richardson@randatmail.com,525-3060-07,Engineer,190466
Darcy,Murray,Female,21,d.murray@randatmail.com,984-2304-37,Dancer,175113
Chloe,Payne,Female,28,c.payne@randatmail.com,195-5000-77,Salesman,153061
Heather,Holmes,Female,23,h.holmes@randatmail.com,836-9230-90,Interpreter,143153
Kate,Dixon,Female,21,k.dixon@randatmail.com,825-0984-64,Baker,125506
Rubie,Holmes,Female,26,r.holmes@randatmail.com,009-9986-77,Aeroplane Pilot,138470
Albert,Johnston,Male,19,a.johnston@randatmail.com,951-1693-22,Veterinarian,31288
Ned,Robinson,Male,23,n.robinson@randatmail.com,409-6005-15,Jeweller,187036
Michael,Morrison,Male,20,m.morrison@randatmail.com,740-9981-57,Archeologist,171073
Lana,Turner,Female,28,l.turner@randatmail.com,774-0013-43,Insurer,121505
Arthur,Myers,Male,28,a.myers@randatmail.com,555-7821-06,Mechanic,116800
Madaline,Cole,Female,27,m.cole@randatmail.com,742-7919-97,Botanist,93315
Sofia,Roberts,Female,24,s.roberts@randatmail.com,781-3847-80,Programmer,121274
Jack,Crawford,Male,23,j.crawford@randatmail.com,219-2534-34,Architect,155141
Paul,Ferguson,Male,24,p.ferguson@randatmail.com,575-3138-94,Producer,93090
Eric,Thomas,Male,18,e.thomas@randatmail.com,963-1662-29,Manager,174438
Michelle,Andrews,Female,19,m.andrews@randatmail.com,209-4829-77,Driver,128249
Adele,Riley,Female,27,a.riley@randatmail.com,212-6195-99,Police Officer,118022
Lydia,Phillips,Female,30,l.phillips@randatmail.com,950-9054-52,Firefighter,78211
Alissa,Wells,Female,28,a.wells@randatmail.com,476-0627-65,Jeweller,187189
Michael,Hunt,Male,29,m.hunt@randatmail.com,727-0548-16,Programmer,178864
Victor,West,Male,25,v.west@randatmail.com,218-7618-45,Actor,112106
Ellia,Thompson,Female,21,e.thompson@randatmail.com,830-6447-22,Lecturer,48999
Mike,Scott,Male,21,m.scott@randatmail.com,889-1050-62,Police Officer,74010
Mary,Sullivan,Female,27,m.sullivan@randatmail.com,043-2656-16,Social Worker,119629
Edith,Chapman,Female,21,e.chapman@randatmail.com,160-8349-33,Astronomer,158893
Aida,Kelley,Female,19,a.kelley@randatmail.com,737-1468-57,Producer,161802
William,Kelley,Male,26,w.kelley@randatmail.com,629-6883-80,Interpreter,97114
Fiona,Russell,Female,23,f.russell@randatmail.com,465-7290-64,Agronomist,71601
Aldus,Myers,Male,28,a.myers@randatmail.com,098-7413-40,Teacher,119760
Eddy,Davis,Male,20,e.davis@randatmail.com,782-9822-65,Teacher,175938
Sabrina,Davis,Female,22,s.davis@randatmail.com,242-2488-01,Teacher,196512
Derek,Richards,Male,28,d.richards@randatmail.com,625-8941-64,Insurer,65389
Derek,Foster,Male,19,d.foster@randatmail.com,789-4489-14,Composer,92392
Jacob,Casey,Male,19,j.casey@randatmail.com,311-9830-46,Composer,184022
Victoria,Adams,Female,28,v.adams@randatmail.com,648-3637-89,Hairdresser,140485
Dainton,Barnes,Male,28,d.barnes@randatmail.com,679-1499-51,Geologist,181528
Kelsey,Murray,Female,19,k.murray@randatmail.com,356-6057-86,Salesman,82964
Julian,Casey,Male,18,j.casey@randatmail.com,121-4053-85,Hairdresser,35662
Agata,Tucker,Female,19,a.tucker@randatmail.com,347-7748-70,Social Worker,147853
Alisa,Stevens,Female,27,a.stevens@randatmail.com,465-0895-42,Physicist,131156
Julian,Miller,Male,20,j.miller@randatmail.com,008-6295-89,Florist,116122
Sofia,Montgomery,Female,24,s.montgomery@randatmail.com,343-0333-23,Economist,112353
Sabrina,Tucker,Female,24,s.tucker@randatmail.com,578-4222-76,Journalist,109932
Lily,Henderson,Female,25,l.henderson@randatmail.com,007-7685-76,Interior Designer,120263
Fenton,Brooks,Male,29,f.brooks@randatmail.com,312-9076-58,Lawer,160618
Richard,Moore,Male,19,r.moore@randatmail.com,106-6772-12,Aeroplane Pilot,91405
Alford,Ryan,Male,27,a.ryan@randatmail.com,225-0259-51,Medic,119999
Ashton,Adams,Male,24,a.adams@randatmail.com,574-7021-99,Astronomer,56783
Dominik,Bennett,Male,19,d.bennett@randatmail.com,791-1849-85,Aeroplane Pilot,189557
Maddie,Taylor,Female,22,m.taylor@randatmail.com,208-9682-05,Police Officer,159994
Vanessa,Moore,Female,21,v.moore@randatmail.com,792-4713-43,Astronomer,109708
Dominik,Stewart,Male,23,d.stewart@randatmail.com,669-0619-34,Fashion Designer,90203
Nicole,Thompson,Female,29,n.thompson@randatmail.com,342-4368-23,Photographer,84247
Robert,Ellis,Male,27,r.ellis@randatmail.com,665-3058-94,Carpenter,42651
Blake,Campbell,Male,22,b.campbell@randatmail.com,119-9230-59,Engineer,64516
Chester,Ferguson,Male,19,c.ferguson@randatmail.com,494-3388-21,Mathematician,138701
Amelia,Cameron,Female,19,a.cameron@randatmail.com,813-6887-18,Dancer,52803
Valeria,Thompson,Female,20,v.thompson@randatmail.com,667-1704-91,Cook,69146
Justin,Hill,Male,24,j.hill@randatmail.com,235-3649-97,Graphic Designer,162963
Julia,Roberts,Female,20,j.roberts@randatmail.com,488-0151-84,Firefighter,141364
Derek,Adams,Male,19,d.adams@randatmail.com,596-6199-81,Aeroplane Pilot,59799
Brianna,Adams,Female,29,b.adams@randatmail.com,325-9222-03,Mechanic,127661
Kate,Perkins,Female,18,k.perkins@randatmail.com,521-0248-18,Fine Artist,127403
Eleanor,Hamilton,Female,20,e.hamilton@randatmail.com,774-7955-16,Auditor,42667
Byron,Ross,Male,18,b.ross@randatmail.com,817-2992-38,Fine Artist,125076
Penelope,Bailey,Female,27,p.bailey@randatmail.com,047-1704-07,Agronomist,38055
Vivian,Bennett,Female,24,v.bennett@randatmail.com,974-7140-77,Producer,138081
Ted,Tucker,Male,24,t.tucker@randatmail.com,851-9174-12,Interpreter,125233
Ned,Smith,Male,20,n.smith@randatmail.com,450-9605-58,Cook,127862
Grace,Parker,Female,18,g.parker@randatmail.com,898-8848-20,Jeweller,189592
Carlos,Harrison,Male,21,c.harrison@randatmail.com,519-2819-07,Police Officer,86915
Joyce,Allen,Female,22,j.allen@randatmail.com,532-7609-65,Engineer,126430
April,Ryan,Female,19,a.ryan@randatmail.com,376-7113-12,Singer,195805
Gianna,Stevens,Female,22,g.stevens@randatmail.com,312-2025-74,Baker,79767
Frederick,Owens,Male,24,f.owens@randatmail.com,073-0214-65,Agronomist,121557
Tony,Kelley,Male,26,t.kelley@randatmail.com,071-2957-64,Mathematician,165611
Aldus,Watson,Male,25,a.watson@randatmail.com,071-4277-80,Physicist,113602
Wilson,Carroll,Male,25,w.carroll@randatmail.com,166-0766-20,Interior Designer,55299
Rafael,Hawkins,Male,25,r.hawkins@randatmail.com,384-2046-56,Salesman,167375
Rubie,Tucker,Female,18,r.tucker@randatmail.com,906-3024-90,Manager,45242
Chester,Gray,Male,27,c.gray@randatmail.com,751-1839-14,Teacher,85365
Jordan,Smith,Male,23,j.smith@randatmail.com,728-4787-33,Historian,181251
Vivian,Ellis,Female,19,v.ellis@randatmail.com,855-0202-40,Firefighter,177000
Steven,Bailey,Male,20,s.bailey@randatmail.com,446-7366-95,Chef,30031
Miranda,Spencer,Female,22,m.spencer@randatmail.com,114-2372-01,Pharmacist,100422
Stella,Mitchell,Female,26,s.mitchell@randatmail.com,351-9803-17,Meteorologist,78173
Harold,Thompson,Male,30,h.thompson@randatmail.com,359-4909-39,Firefighter,129490
Sarah,Grant,Female,24,s.grant@randatmail.com,654-2769-63,Manager,53015
Reid,Williams,Male,24,r.williams@randatmail.com,221-3990-46,Manager,87876
Tara,Perkins,Female,19,t.perkins@randatmail.com,716-9724-06,Architect,59617
Preston,Clark,Male,19,p.clark@randatmail.com,810-7208-73,Economist,160356
Fenton,Cole,Male,20,f.cole@randatmail.com,599-7596-29,Veterinarian,147993
Luke,Foster,Male,24,l.foster@randatmail.com,096-3271-76,Firefighter,104999
Arthur,Johnson,Male,27,a.johnson@randatmail.com,365-7135-76,Physicist,55180
Carina,Moore,Female,29,c.moore@randatmail.com,862-3778-15,Medic,190387
Oscar,Ferguson,Male,24,o.ferguson@randatmail.com,164-5824-12,Engineer,136468
Honey,Stewart,Female,21,h.stewart@randatmail.com,449-5192-91,Mechanic,75283
Carl,Alexander,Male,22,c.alexander@randatmail.com,382-9069-13,Fashion Designer,70138
Kate,Anderson,Female,25,k.anderson@randatmail.com,363-9839-04,Jeweller,50018
Julian,Hawkins,Male,30,j.hawkins@randatmail.com,748-1528-44,Mechanic,37328
Eddy,Smith,Male,30,e.smith@randatmail.com,036-2877-00,Journalist,103419
Alina,Hunt,Female,20,a.hunt@randatmail.com,566-1984-36,Lawer,130284
Florrie,Evans,Female,29,f.evans@randatmail.com,061-7288-89,Engineer,151900
Edith,Kelly,Female,25,e.kelly@randatmail.com,794-3421-44,Composer,125470
Lydia,Ferguson,Female,21,l.ferguson@randatmail.com,959-7111-65,Botanist,41444
Dexter,Grant,Male,24,d.grant@randatmail.com,116-2706-96,Manager,39916
Andrew,Stevens,Male,26,a.stevens@randatmail.com,124-1271-49,Accountant,179245
Rubie,Wright,Female,29,r.wright@randatmail.com,367-6822-54,Auditor,115372
Mary,Roberts,Female,19,m.roberts@randatmail.com,866-9331-18,Geologist,76686
Adrianna,Stevens,Female,29,a.stevens@randatmail.com,395-4465-42,Police Officer,31801
Natalie,Tucker,Female,23,n.tucker@randatmail.com,129-4771-86,Photographer,178790
Derek,Wilson,Male,26,d.wilson@randatmail.com,141-0218-76,Interpreter,74872
Edith,Harrison,Female,23,e.harrison@randatmail.com,695-6117-93,Accountant,175318
Eddy,West,Male,28,e.west@randatmail.com,747-3765-39,Accountant,161338
Tara,Ferguson,Female,28,t.ferguson@randatmail.com,254-7084-55,Veterinarian,71061
Roland,Mason,Male,18,r.mason@randatmail.com,468-2728-75,Producer,107009
Arthur,Grant,Male,30,a.grant@randatmail.com,086-8643-88,Manager,92245
Ada,Cooper,Female,29,a.cooper@randatmail.com,557-6120-92,Journalist,46471
Rosie,Cole,Female,24,r.cole@randatmail.com,592-8196-90,Baker,151725
Lucy,Craig,Female,29,l.craig@randatmail.com,155-0462-79,Driver,162118
Edward,Crawford,Male,23,e.crawford@randatmail.com,041-9868-58,Chef,73962
Anna,Wright,Female,18,a.wright@randatmail.com,704-5188-25,Dancer,78383
Alissa,Harrison,Female,20,a.harrison@randatmail.com,730-6513-62,Social Worker,87064
Kevin,Allen,Male,25,k.allen@randatmail.com,779-3201-62,Agronomist,95542
Sarah,Roberts,Female,19,s.roberts@randatmail.com,103-3961-37,Aeroplane Pilot,151620
Victor,Montgomery,Male,28,v.montgomery@randatmail.com,386-4237-03,Physicist,164672
Martin,Montgomery,Male,27,m.montgomery@randatmail.com,196-5886-98,Salesman,139880
Ryan,Brooks,Male,30,r.brooks@randatmail.com,905-1428-57,Veterinarian,172370
Penelope,Ellis,Female,24,p.ellis@randatmail.com,857-6276-55,Teacher,78812
Amanda,Gibson,Female,28,a.gibson@randatmail.com,110-5231-64,Fashion Designer,156730
Max,Alexander,Male,19,m.alexander@randatmail.com,229-8849-78,Salesman,42086
Adison,Morris,Male,23,a.morris@randatmail.com,816-1973-44,Florist,31790
Melanie,Myers,Female,18,m.myers@randatmail.com,107-1544-07,Fine Artist,193082
Rosie,Hill,Female,23,r.hill@randatmail.com,382-2668-65,Historian,107007
Jared,Farrell,Male,22,j.farrell@randatmail.com,868-0515-27,Police Officer,70817
John,Fowler,Male,23,j.fowler@randatmail.com,792-1412-84,Fashion Designer,177819
Alisa,Owens,Female,18,a.owens@randatmail.com,984-8698-08,Journalist,136593
John,Cameron,Male,29,j.cameron@randatmail.com,073-1594-11,Salesman,174712
Ada,Grant,Female,29,a.grant@randatmail.com,354-2201-95,Firefighter,174163
Edgar,Phillips,Male,19,e.phillips@randatmail.com,146-6591-49,Actor,82076
Rebecca,Cunningham,Female,19,r.cunningham@randatmail.com,486-9196-21,Salesman,134196
Sawyer,Henderson,Male,28,s.henderson@randatmail.com,756-6579-10,Social Worker,38484
Madaline,Williams,Female,18,m.williams@randatmail.com,744-0611-65,Florist,55721
Andrew,Taylor,Male,23,a.taylor@randatmail.com,086-4013-69,Composer,177181
Edwin,Owens,Male,28,e.owens@randatmail.com,811-1718-27,Journalist,136550
Michael,Baker,Male,25,m.baker@randatmail.com,522-0637-71,Historian,172532
Melissa,Johnston,Female,27,m.johnston@randatmail.com,162-0238-25,Physicist,82188
Adrianna,Watson,Female,22,a.watson@randatmail.com,376-8017-48,Archeologist,62632
Antony,Sullivan,Male,22,a.sullivan@randatmail.com,531-8779-36,Carpenter,50181
Albert,Carter,Male,23,a.carter@randatmail.com,404-6935-01,Teacher,197610
James,Baker,Male,29,j.baker@randatmail.com,873-5437-13,Salesman,169733
Connie,Bennett,Female,23,c.bennett@randatmail.com,386-1404-79,Manager,133079
Vivian,Moore,Female,21,v.moore@randatmail.com,652-3847-27,Singer,125717
Aida,Sullivan,Female,28,a.sullivan@randatmail.com,038-4989-08,Historian,108392
Rafael,Brooks,Male,29,r.brooks@randatmail.com,941-5239-80,Carpenter,61028
Fenton,Davis,Male,18,f.davis@randatmail.com,055-0662-14,Firefighter,107757
Myra,Higgins,Female,30,m.higgins@randatmail.com,434-7795-01,Physicist,110014
Myra,Ross,Female,21,m.ross@randatmail.com,714-0971-59,Mathematician,43915
Lucia,Spencer,Female,22,l.spencer@randatmail.com,422-8213-25,Meteorologist,196414
Anna,Dixon,Female,25,a.dixon@randatmail.com,994-7710-46,Accountant,145513
Myra,Hunt,Female,20,m.hunt@randatmail.com,735-1468-37,Firefighter,65210
Brad,Myers,Male,19,b.myers@randatmail.com,663-2206-46,Geologist,89749
Ryan,Gray,Male,23,r.gray@randatmail.com,485-0283-78,Journalist,126040
Abigail,Murray,Female,25,a.murray@randatmail.com,810-5445-90,Baker,162878
Heather,Bennett,Female,22,h.bennett@randatmail.com,183-1748-05,Baker,54681
Jordan,Hunt,Male,21,j.hunt@randatmail.com,134-6552-88,Economist,105025
Brad,Williams,Male,18,b.williams@randatmail.com,550-9691-94,Architect,37127
Amy,Miller,Female,30,a.miller@randatmail.com,929-4674-55,Veterinarian,66753
Rafael,Williams,Male,24,r.williams@randatmail.com,124-9296-72,Economist,140121
Alen,Cooper,Male,19,a.cooper@randatmail.com,085-5628-40,Botanist,78960
Derek,Barnes,Male,25,d.barnes@randatmail.com,622-2767-45,Botanist,193284
Lenny,Morris,Male,21,l.morris@randatmail.com,583-0260-00,Mechanic,113233
Rebecca,Stevens,Female,23,r.stevens@randatmail.com,903-0236-80,Composer,160009
Rebecca,Foster,Female,23,r.foster@randatmail.com,157-6636-27,Economist,190732
Abraham,Miller,Male,24,a.miller@randatmail.com,692-2149-10,Composer,175317
Marcus,Tucker,Male,29,m.tucker@randatmail.com,208-7450-26,Actor,183576
Abraham,Richards,Male,29,a.richards@randatmail.com,408-8110-73,Meteorologist,103485
Derek,Parker,Male,25,d.parker@randatmail.com,787-8065-34,Singer,41637
Rebecca,Carter,Female,18,r.carter@randatmail.com,928-2570-07,Aeroplane Pilot,157428
Lilianna,Mitchell,Female,21,l.mitchell@randatmail.com,418-2739-30,Archeologist,159960
Richard,Owens,Male,23,r.owens@randatmail.com,353-1221-11,Electrician,135709
Adrian,Scott,Male,23,a.scott@randatmail.com,622-0985-08,Scientist,77122
Melissa,Dixon,Female,20,m.dixon@randatmail.com,353-1676-07,Architect,30042
Chloe,Alexander,Female,21,c.alexander@randatmail.com,396-3402-84,Teacher,57849
Jessica,Miller,Female,28,j.miller@randatmail.com,884-8278-52,Pharmacist,186116
Reid,Myers,Male,29,r.myers@randatmail.com,367-1461-01,Carpenter,182689
Adele,Farrell,Female,18,a.farrell@randatmail.com,181-6389-51,Manager,152806
Miley,Gibson,Female,20,m.gibson@randatmail.com,049-1635-97,Lecturer,195922
Kate,Warren,Female,30,k.warren@randatmail.com,261-6864-31,Historian,140098
Aldus,Ross,Male,22,a.ross@randatmail.com,606-5110-92,Jeweller,83517
Julian,Phillips,Male,26,j.phillips@randatmail.com,754-2172-26,Meteorologist,116788
Lily,Davis,Female,22,l.davis@randatmail.com,210-6630-25,Manager,126492
Ned,Watson,Male,28,n.watson@randatmail.com,036-3622-45,Interpreter,139419
Oliver,Morgan,Male,20,o.morgan@randatmail.com,146-4051-19,Geologist,118055
Jared,Johnston,Male,25,j.johnston@randatmail.com,585-9735-22,Economist,134149
Ted,Reed,Male,20,t.reed@randatmail.com,638-8233-05,Hairdresser,165046
Darcy,Martin,Female,22,d.martin@randatmail.com,514-7524-71,Auditor,148515
Sawyer,Adams,Male,25,s.adams@randatmail.com,380-5909-62,Veterinarian,141525
Evelyn,Hamilton,Female,28,e.hamilton@randatmail.com,601-3973-55,Cook,106295
Amy,Higgins,Female,30,a.higgins@randatmail.com,227-5949-11,Lecturer,112622
Samantha,Thomas,Female,29,s.thomas@randatmail.com,829-1813-26,Actor,65175
Lenny,Stevens,Male,20,l.stevens@randatmail.com,728-6017-26,Architect,163751
Tiana,Craig,Female,22,t.craig@randatmail.com,503-5454-77,Architect,116563
Lucy,Hall,Female,21,l.hall@randatmail.com,678-8173-71,Mechanic,85882
Sabrina,Wright,Female,22,s.wright@randatmail.com,537-8658-23,Singer,65348
Elian,Ross,Male,24,e.ross@randatmail.com,441-3786-76,Programmer,76798
Sam,Harper,Male,25,s.harper@randatmail.com,953-1434-04,Firefighter,73213
Reid,Mason,Male,22,r.mason@randatmail.com,866-9594-55,Geologist,108697
Maximilian,Cunningham,Male,29,m.cunningham@randatmail.com,118-4393-97,Fine Artist,49345
Blake,Thomas,Male,27,b.thomas@randatmail.com,581-1529-74,Photographer,160211
James,Ross,Male,19,j.ross@randatmail.com,279-3726-40,Composer,192652
Tony,Cooper,Male,26,t.cooper@randatmail.com,481-5797-80,Social Worker,122308
Carina,Sullivan,Female,26,c.sullivan@randatmail.com,396-0212-11,Composer,158618
Melissa,Mason,Female,21,m.mason@randatmail.com,545-3169-93,Carpenter,170478
Evelyn,Wright,Female,25,e.wright@randatmail.com,128-3991-10,Biochemist,112764
Evelyn,Wilson,Female,29,e.wilson@randatmail.com,065-4478-66,Archeologist,146029
Ryan,Smith,Male,26,r.smith@randatmail.com,323-7261-81,Salesman,48836
Antony,Smith,Male,24,a.smith@randatmail.com,053-8270-61,Pharmacist,130479
Tara,Higgins,Female,28,t.higgins@randatmail.com,603-1802-93,Social Worker,145324
James,Adams,Male,24,j.adams@randatmail.com,075-7566-65,Botanist,104979
Isabella,Hawkins,Female,20,i.hawkins@randatmail.com,326-4581-95,Physicist,97275
Marcus,Fowler,Male,18,m.fowler@randatmail.com,294-8910-07,Lawer,46321
Carlos,Grant,Male,27,c.grant@randatmail.com,308-1512-47,Programmer,172303
Madaline,Owens,Female,18,m.owens@randatmail.com,274-7753-81,Lawer,52799
Charlie,Taylor,Male,21,c.taylor@randatmail.com,050-6880-71,Engineer,30525
Aston,Edwards,Male,20,a.edwards@randatmail.com,230-4509-52,Lawer,147914
Antony,Wells,Male,22,a.wells@randatmail.com,343-1279-43,Baker,115450
Adrianna,Martin,Female,22,a.martin@randatmail.com,514-3079-86,Mathematician,173183
Darcy,Owens,Female,21,d.owens@randatmail.com,160-1272-09,Fashion Designer,32220
Martin,Miller,Male,26,m.miller@randatmail.com,548-3105-39,Economist,109410
Sydney,Watson,Female,29,s.watson@randatmail.com,584-7151-47,Dancer,73540
Arianna,Williams,Female,27,a.williams@randatmail.com,250-7495-35,Firefighter,147023
Aldus,Johnson,Male,22,a.johnson@randatmail.com,183-1503-08,Graphic Designer,115049
Andrew,Murphy,Male,19,a.murphy@randatmail.com,433-7479-53,Manager,177121
Alisa,Robinson,Female,29,a.robinson@randatmail.com,390-8084-82,Actor,62995
Vincent,Smith,Male,27,v.smith@randatmail.com,479-2098-45,Singer,68797
Richard,Hill,Male,19,r.hill@randatmail.com,563-5070-23,Jeweller,133379
Edwin,Campbell,Male,20,e.campbell@randatmail.com,334-1631-67,Geologist,118013
Amelia,Carroll,Female,26,a.carroll@randatmail.com,272-5946-08,Driver,51964
Henry,Barrett,Male,21,h.barrett@randatmail.com,902-2047-24,Astronomer,187891
Richard,Richardson,Male,27,r.richardson@randatmail.com,315-0425-63,Driver,95506
Adrian,Baker,Male,20,a.baker@randatmail.com,828-5055-62,Mathematician,116578
Paul,Holmes,Male,20,p.holmes@randatmail.com,731-6663-65,Architect,76241
Daisy,Morris,Female,27,d.morris@randatmail.com,018-9802-58,Lecturer,154102
Albert,Armstrong,Male,22,a.armstrong@randatmail.com,016-0632-44,Scientist,134781
David,Ellis,Male,22,d.ellis@randatmail.com,476-4847-49,Driver,177296
Sophia,Martin,Female,25,s.martin@randatmail.com,513-2673-92,Salesman,169005
Sofia,Davis,Female,20,s.davis@randatmail.com,158-8158-24,Aeroplane Pilot,84728
Sam,Douglas,Male,25,s.douglas@randatmail.com,936-9998-17,Historian,199788
Briony,Craig,Female,19,b.craig@randatmail.com,129-5106-51,Pharmacist,185118
Ryan,Alexander,Male,28,r.alexander@randatmail.com,724-8208-61,Meteorologist,63299
Maddie,Hawkins,Female,26,m.hawkins@randatmail.com,707-8233-85,Scientist,120703
Aida,Williams,Female,30,a.williams@randatmail.com,803-7117-32,Electrician,178069
April,Elliott,Female,19,a.elliott@randatmail.com,492-6436-50,Hairdresser,61711
Alexander,Reed,Male,30,a.reed@randatmail.com,655-7353-01,Driver,171030
George,Thomas,Male,18,g.thomas@randatmail.com,211-3874-38,Insurer,70293
Nicole,Smith,Female,21,n.smith@randatmail.com,558-5321-42,Social Worker,43181
Oliver,Watson,Male,29,o.watson@randatmail.com,700-2064-16,Composer,51583
Rebecca,Martin,Female,26,r.martin@randatmail.com,407-9772-99,Programmer,128242
Joyce,Harris,Female,18,j.harris@randatmail.com,316-9374-84,Mathematician,163326
Rafael,Elliott,Male,27,r.elliott@randatmail.com,280-1398-59,Lecturer,151678
Alexia,Wright,Female,28,a.wright@randatmail.com,498-6437-63,Medic,81289
Max,Ryan,Male,18,m.ryan@randatmail.com,006-5013-84,Chemist,112493
Alford,Perkins,Male,19,a.perkins@randatmail.com,136-2793-66,Teacher,160121
Amy,Montgomery,Female,22,a.montgomery@randatmail.com,449-6170-88,Chef,150314
Rosie,Davis,Female,25,r.davis@randatmail.com,876-1485-37,Dancer,93102
Adrianna,Dixon,Female,28,a.dixon@randatmail.com,274-8366-64,Physicist,135267
Blake,Mitchell,Male,23,b.mitchell@randatmail.com,581-5426-34,Dancer,154919
Honey,Henderson,Female,22,h.henderson@randatmail.com,463-1918-67,Physicist,40360
Luke,Armstrong,Male,29,l.armstrong@randatmail.com,574-7292-47,Aeroplane Pilot,36740
Honey,Mitchell,Female,27,h.mitchell@randatmail.com,305-1629-66,Baker,66783
Mike,Elliott,Male,26,m.elliott@randatmail.com,797-9674-66,Actor,109699
Daryl,Brown,Male,29,d.brown@randatmail.com,245-0958-13,Pharmacist,75399
Freddie,Murphy,Male,24,f.murphy@randatmail.com,699-1157-25,Florist,92158
Edith,Hall,Female,28,e.hall@randatmail.com,558-7626-10,Dancer,34062
Aida,Parker,Female,28,a.parker@randatmail.com,681-4376-58,Economist,124306
Jenna,Stevens,Female,25,j.stevens@randatmail.com,916-7132-33,Archeologist,171806
Sienna,Richards,Female,27,s.richards@randatmail.com,813-9744-36,Carpenter,106587
Evelyn,Williams,Female,27,e.williams@randatmail.com,655-5274-75,Interior Designer,142652
Kelsey,Kelley,Female,25,k.kelley@randatmail.com,734-7353-19,Cook,129336
Ted,Armstrong,Male,25,t.armstrong@randatmail.com,093-3683-15,Astronomer,101779
Arianna,Parker,Female,21,a.parker@randatmail.com,445-9351-84,Chemist,164798
Jared,Ross,Male,28,j.ross@randatmail.com,070-5273-93,Fine Artist,31339
Brooke,Alexander,Female,21,b.alexander@randatmail.com,440-1056-35,Botanist,98029
Connie,Morrison,Female,26,c.morrison@randatmail.com,333-3590-33,Interior Designer,90889
Edgar,Montgomery,Male,29,e.montgomery@randatmail.com,195-8657-71,Astronomer,129065
Garry,Rogers,Male,24,g.rogers@randatmail.com,409-0415-76,Teacher,164737
Audrey,Riley,Female,26,a.riley@randatmail.com,437-6397-04,Insurer,70053
Kevin,Taylor,Male,19,k.taylor@randatmail.com,422-1995-47,Carpenter,93551
Deanna,Payne,Female,27,d.payne@randatmail.com,494-7886-88,Economist,74035
Edith,Owens,Female,25,e.owens@randatmail.com,422-8447-29,Chemist,147995
Adison,Mason,Male,23,a.mason@randatmail.com,026-4294-27,Composer,147149
Adam,Watson,Male,23,a.watson@randatmail.com,137-4229-40,Electrician,190072
Adrianna,Douglas,Female,25,a.douglas@randatmail.com,669-9200-32,Journalist,162448
Heather,Williams,Female,22,h.williams@randatmail.com,261-8462-16,Lawer,153385
Sofia,Armstrong,Female,19,s.armstrong@randatmail.com,910-0878-24,Driver,144302
Hailey,Parker,Female,19,h.parker@randatmail.com,751-0875-17,Botanist,104387
Aida,Stewart,Female,21,a.stewart@randatmail.com,386-2077-75,Meteorologist,70734
Mike,Grant,Male,26,m.grant@randatmail.com,933-0729-51,Florist,109454
Emily,Barrett,Female,28,e.barrett@randatmail.com,727-0582-65,Chef,82626
Roman,Perkins,Male,30,r.perkins@randatmail.com,924-8685-42,Salesman,186001
Olivia,Morrison,Female,28,o.morrison@randatmail.com,489-9105-14,Historian,81296
Carina,West,Female,23,c.west@randatmail.com,122-5716-23,Scientist,183622
Charlie,Cameron,Male,27,c.cameron@randatmail.com,392-8944-41,Veterinarian,158937
Hailey,Johnston,Female,30,h.johnston@randatmail.com,162-8022-00,Insurer,137790
Kimberly,Spencer,Female,19,k.spencer@randatmail.com,249-7479-19,Electrician,190577
Florrie,Crawford,Female,24,f.crawford@randatmail.com,220-6053-22,Jeweller,165162
Ashton,Payne,Male,28,a.payne@randatmail.com,663-0708-34,Manager,98067
Vivian,Ferguson,Female,27,v.ferguson@randatmail.com,972-0409-63,Interpreter,44919
Alen,Hawkins,Male,25,a.hawkins@randatmail.com,859-9293-90,Botanist,123940
Carina,Lloyd,Female,30,c.lloyd@randatmail.com,108-0085-90,Mathematician,45488
Honey,Andrews,Female,20,h.andrews@randatmail.com,366-8292-43,Actor,81103
Julia,Howard,Female,19,j.howard@randatmail.com,957-2292-32,Insurer,85743
Miller,Lloyd,Male,20,m.lloyd@randatmail.com,842-4341-63,Veterinarian,177604
Owen,Phillips,Male,26,o.phillips@randatmail.com,385-4188-94,Economist,77296
Amelia,Kelley,Female,18,a.kelley@randatmail.com,763-9739-22,Jeweller,151989
Dale,Russell,Male,20,d.russell@randatmail.com,433-3366-94,Accountant,59200
Luke,Brooks,Male,28,l.brooks@randatmail.com,441-9615-13,Fine Artist,142798
Alfred,Montgomery,Male,22,a.montgomery@randatmail.com,707-2983-41,Composer,114276
Amy,Thomas,Female,23,a.thomas@randatmail.com,293-2149-03,Chemist,46088
Wilson,Rogers,Male,29,w.rogers@randatmail.com,111-3371-72,Producer,178274
Daniel,Hunt,Male,24,d.hunt@randatmail.com,248-3352-49,Baker,58416
Jessica,Perkins,Female,29,j.perkins@randatmail.com,237-4070-56,Florist,41380
Oscar,Martin,Male,22,o.martin@randatmail.com,737-9994-95,Engineer,193677
Maximilian,Walker,Male,29,m.walker@randatmail.com,599-2705-21,Fine Artist,53984
Ellia,Johnson,Female,18,e.johnson@randatmail.com,858-1450-78,Veterinarian,153175
Blake,Murray,Male,24,b.murray@randatmail.com,376-0671-14,Driver,125547
Lucas,Murray,Male,22,l.murray@randatmail.com,134-5742-85,Producer,192614
Miller,Casey,Male,21,m.casey@randatmail.com,686-0021-56,Historian,198440
Lilianna,Anderson,Female,19,l.anderson@randatmail.com,603-7973-88,Archeologist,125345
Alen,Ryan,Male,23,a.ryan@randatmail.com,666-7220-62,Interpreter,193577
Lucy,Armstrong,Female,20,l.armstrong@randatmail.com,428-1412-14,Producer,75802
Aida,Russell,Female,26,a.russell@randatmail.com,486-9223-20,Historian,76116
Cadie,Casey,Female,26,c.casey@randatmail.com,139-1396-12,Engineer,157104
Andrew,Robinson,Male,25,a.robinson@randatmail.com,869-7800-88,Firefighter,80428
Edward,Crawford,Male,19,e.crawford@randatmail.com,505-0318-34,Pharmacist,183399
Derek,Richards,Male,30,d.richards@randatmail.com,110-9100-44,Journalist,42073
Rosie,Elliott,Female,22,r.elliott@randatmail.com,391-2000-37,Chemist,77767
Oliver,Alexander,Male,21,o.alexander@randatmail.com,214-8616-80,Electrician,59244
Adrianna,Davis,Female,20,a.davis@randatmail.com,809-9227-45,Chemist,169330
Justin,Robinson,Male,21,j.robinson@randatmail.com,173-0257-52,Chef,62145
Eleanor,Spencer,Female,18,e.spencer@randatmail.com,734-0828-20,Social Worker,138544
Caroline,Warren,Female,21,c.warren@randatmail.com,220-7221-89,Medic,70634
Garry,Barrett,Male,22,g.barrett@randatmail.com,515-6304-37,Producer,140923
Ned,Edwards,Male,24,n.edwards@randatmail.com,265-5838-77,Cook,99468
